<?xml version="1.0" encoding="UTF-8" ?>
<!-- Generated by Oracle SOA Modeler version 12.2.1.3.0.170820 at [4/23/18 4:33 PM]. -->
<composite name="Project1"
           revision="1.0"
           label="2018-04-23_16-33-47_038"
           mode="active"
           state="on"
           xmlns="http://xmlns.oracle.com/sca/1.0"
           xmlns:xs="http://www.w3.org/2001/XMLSchema"
           xmlns:wsp="http://schemas.xmlsoap.org/ws/2004/09/policy"
           xmlns:orawsp="http://schemas.oracle.com/ws/2006/01/policy"
           xmlns:ui="http://xmlns.oracle.com/soa/designer/"
           xmlns:sca-ext="http://xmlns.oracle.com/sca/1.0-ext">
  <import namespace="http://oracle.com/sca/soapservice/Application1/Project1/ProductDeliver"
          location="WSDLs/ProductDeliver.wsdl" importType="wsdl"/>
  <import namespace="http://xmlns.oracle.com/Application1/Project1/DLF" location="WSDLs/DLF.wsdl" importType="wsdl"/>
  <import namespace="http://xmlns.oracle.com/Application1/Project1/Fedx" location="WSDLs/Fedx.wsdl" importType="wsdl"/>
  <import namespace="http://xmlns.oracle.com/Application1/Project1/Emirates" location="WSDLs/Emirates.wsdl"
          importType="wsdl"/>
  <service name="SOAPService" ui:wsdlLocation="WSDLs/ProductDeliver.wsdl">
    <interface.wsdl interface="http://oracle.com/sca/soapservice/Application1/Project1/ProductDeliver#wsdl.interface(execute_ptt)"/>
    <binding.ws port="http://oracle.com/sca/soapservice/Application1/Project1/ProductDeliver#wsdl.endpoint(SOAPService/execute_pt)">
      <property name="weblogic.wsee.wsat.transaction.flowOption" type="xs:string" many="false">NEVER</property>
    </binding.ws>
  </service>
  <component name="Mediate_Product">
    <implementation.mediator src="Mediators/Mediate_Product.mplan"/>
    <componentType>
      <service name="Mediate_Product" ui:wsdlLocation="WSDLs/ProductDeliver.wsdl">
        <interface.wsdl interface="http://oracle.com/sca/soapservice/Application1/Project1/ProductDeliver#wsdl.interface(execute_ptt)"/>
      </service>
      <reference name="DLF.dlf_client" ui:wsdlLocation="WSDLs/DLF.wsdl">
        <interface.wsdl interface="http://xmlns.oracle.com/Application1/Project1/DLF#wsdl.interface(DLF)"/>
      </reference>
      <reference name="Fedx.fedx_client" ui:wsdlLocation="WSDLs/Fedx.wsdl">
        <interface.wsdl interface="http://xmlns.oracle.com/Application1/Project1/Fedx#wsdl.interface(Fedx)"/>
      </reference>
      <reference name="Emirates.emirates_client" ui:wsdlLocation="WSDLs/Emirates.wsdl">
        <interface.wsdl interface="http://xmlns.oracle.com/Application1/Project1/Emirates#wsdl.interface(Emirates)"/>
      </reference>
    </componentType>
  </component>
  <component name="DLF" version="2.0">
    <implementation.bpel src="BPEL/DLF.bpel"/>
    <componentType>
      <service name="dlf_client" ui:wsdlLocation="WSDLs/DLF.wsdl">
        <interface.wsdl interface="http://xmlns.oracle.com/Application1/Project1/DLF#wsdl.interface(DLF)"/>
      </service>
    </componentType>
    <property name="bpel.config.transaction" type="xs:string" many="false">required</property>
  </component>
  <component name="Fedx" version="2.0">
    <implementation.bpel src="BPEL/Fedx.bpel"/>
    <componentType>
      <service name="fedx_client" ui:wsdlLocation="WSDLs/Fedx.wsdl">
        <interface.wsdl interface="http://xmlns.oracle.com/Application1/Project1/Fedx#wsdl.interface(Fedx)"/>
      </service>
    </componentType>
    <property name="bpel.config.transaction" type="xs:string" many="false">required</property>
  </component>
  <component name="Emirates" version="2.0">
    <implementation.bpel src="BPEL/Emirates.bpel"/>
    <componentType>
      <service name="emirates_client" ui:wsdlLocation="WSDLs/Emirates.wsdl">
        <interface.wsdl interface="http://xmlns.oracle.com/Application1/Project1/Emirates#wsdl.interface(Emirates)"/>
      </service>
    </componentType>
    <property name="bpel.config.transaction" type="xs:string" many="false">required</property>
  </component>
  <wire>
    <source.uri>SOAPService</source.uri>
    <target.uri>Mediate_Product/Mediate_Product</target.uri>
  </wire>
  <wire>
    <source.uri>Mediate_Product/DLF.dlf_client</source.uri>
    <target.uri>DLF/dlf_client</target.uri>
  </wire>
  <wire>
    <source.uri>Mediate_Product/Fedx.fedx_client</source.uri>
    <target.uri>Fedx/fedx_client</target.uri>
  </wire>
  <wire>
    <source.uri>Mediate_Product/Emirates.emirates_client</source.uri>
    <target.uri>Emirates/emirates_client</target.uri>
  </wire>
</composite>
